timestamp,cpu_cores,memory_bytes,energy_joules,UL-Rate
2025-11-25T14:33:05,0.007989608140290068,14753792.0,0.0,50M
2025-11-25T14:33:35,3.407768017776605e-05,14749696.0,0.3930000000000007,50M
2025-11-25T14:34:05,0.0,14749696.0,0.0,50M
2025-11-25T14:34:36,0.0,14761984.0,0.10499999999999687,50M
2025-11-25T14:35:06,0.004170177073625345,14934016.0,1.4339999999999975,50M
2025-11-25T14:35:37,0.000585168647800652,14929920.0,0.05100000000000193,50M
2025-11-25T14:36:07,0.00856236169784751,14929920.0,4.2180000000000035,50M
2025-11-25T14:36:37,0.0023131904698522605,14938112.0,0.8429999999999964,50M
2025-11-25T14:37:08,0.008213243048232234,14962688.0,2.7689999999999984,50M
2025-11-25T14:37:38,0.001925377628343411,15212544.0,0.6720000000000041,50M
2025-11-25T14:38:08,0.009892021074357799,15212544.0,0.5129999999999981,50M
2025-11-25T14:38:39,0.0,15204352.0,0.1319999999999979,50M
2025-11-25T14:39:09,0.004342399867319015,15204352.0,0.2610000000000028,50M
2025-11-25T14:39:40,0.002563662702043358,15208448.0,1.046999999999997,50M
2025-11-25T14:40:10,0.013177873893356654,15196160.0,4.583999999999996,50M
2025-11-25T14:40:40,0.0001043709489779204,15200256.0,0.20700000000000784,50M
2025-11-25T14:41:11,0.008814926968293616,15368192.0,0.722999999999999,50M
2025-11-25T14:41:41,0.0,15372288.0,1.2600000000000051,50M
2025-11-25T14:42:12,0.007170000830082227,15372288.0,0.43499999999998806,50M
2025-11-25T14:42:42,0.0011656249999999833,15368192.0,0.5640000000000072,50M
